{"cameraMode":{"drawMode":0,"name":"Shaded","section":"Shading Mode"},"sceneLighting":true,"audioPlay":false,"sceneViewState":{"showFog":true,"showMaterialUpdate":false,"showSkybox":true,"showFlares":true,"showImageEffects":true,"showParticleSystems":true},"in2DMode":false,"pivot":{"x":-0.8210446834564209,"y":-4.392809867858887,"z":2.525728702545166},"rotation":{"x":0.3677302896976471,"y":-0.2025921493768692,"z":0.08242472261190415,"w":0.9038457274436951},"size":5.996415138244629,"orthographic":false}