{"cameraMode":{"drawMode":0,"name":"Shaded","section":"Shading Mode"},"sceneLighting":true,"audioPlay":false,"sceneViewState":{"showFog":true,"showMaterialUpdate":false,"showSkybox":true,"showFlares":true,"showImageEffects":true,"showParticleSystems":true},"in2DMode":false,"pivot":{"x":-0.8207952380180359,"y":-4.392809867858887,"z":2.525845766067505},"rotation":{"x":0.3677302896976471,"y":-0.2025921493768692,"z":0.08242472261190415,"w":0.9038457274436951},"size":6.296415328979492,"orthographic":false}